﻿<?xml version="1.0" encoding="utf-8" ?>
<CardStatus>
  <Status id="1">Pending Printing</Status>
  <Status id="2">Printing</Status>
  <Status id="3">Valid</Status>
  <Status id="4">Stolen</Status>
  <Status id="5">Lost</Status>
  <Status id="6">Undamaged pass not swiping</Status>
  <Status id="7">Destroyed</Status>
  <Status id="8">Print Error</Status>
  <Status id="9">No longer needed</Status>
  <Status id="10">Awaiting Authorisation</Status>
  <Status id="14">Card blocked</Status>
  <Status id="16">Optional service charge</Status>
  <Status id="17">Card Expired</Status>
  <Status id="18">Bad photo</Status>
  <Status id="19">Data entry error</Status>
  <Status id="20">Held</Status>
  <Status id="21">Not eligible</Status>
  <Status id="22">Cardholder moved away</Status>
  <Status id="23">Cardholder deceased</Status>
  <Status id="24">Duplicate</Status>
  <Status id="25">Name change</Status>
  <Status id="26">Withdrawn</Status>
  <Status id="27">Historical replacement</Status>
  <Status id="28">Not received</Status>
  <Status id="29">Damaged by cardholder</Status>
  <Status id="30">Found</Status>
  <Status id="31">Scratchcard</Status>
  <Status id="32">Lapsed</Status>
  <Status id="33">CT Authorisation</Status>
  <Status id="34">Under investigation</Status>
  <Status id="35">Application abandoned</Status>
  <Status id="36">Awaiting photograph</Status>
  <Status id="40">Right to erasure (Card returned)</Status>    
</CardStatus>